Day,Group,Period,Class Type,Course Code,Department,Faculty Initials,Room No
Monday,Group 1,1,P,AEI2151,AEIE,PPS+SJB/SBJ+BM,ICT001
Monday,Group 1,2,P,AEI2151,AEIE,PPS+SJB/SBJ+BM,ICT001
Monday,Group 1,3,P,AEI2151,AEIE,PPS+SJB/SBJ+BM,ICT001
Monday,Group 1,4,BREAK,NA,AEIE,NA,NA
Monday,Group 1,5,L,PHY2101,AEIE,AC,ICT105
Monday,Group 1,6,P,AEI2152,AEIE,IN+DMG/SKB+HP,ICT001+ICT102
Monday,Group 1,7,P,AEI2152,AEIE,IN+DMG/SKB+HP,ICT001+ICT102
Monday,Group 1,8,P,AEI2152,AEIE,IN+DMG/SKB+HP,ICT001+ICT102
Monday,Group 2,1,P,AEIE2153,AEIE,RSG+SMC/SKB+SJD,ICT009
Monday,Group 2,2,P,AEIE2153,AEIE,RSG+SMC/SKB+SJD,ICT009
Monday,Group 2,3,P,AEIE2153,AEIE,RSG+SMC/SKB+SJD,ICT009
Monday,Group 2,4,BREAK,NA,AEIE,NA,NA
Monday,Group 2,5,L,PHY2101,AEIE,AC,ICT105
Monday,Group 2,6,T,AEI2103,AEIE,RSG,ICT108
Monday,Group 2,7,NA,Mentoring,AEIE,NA,NA
Monday,Group 2,8,NA,Library,AEIE,NA,NA
Tuesday,Group 1,1,L,AEI2102,AEIE,IN,ICT004
Tuesday,Group 1,2,L,AEI2103,AEIE,RSG,ICT004
Tuesday,Group 1,3,L,AEI2101,AEIE,PPS,ICT004
Tuesday,Group 1,4,L,PHY2101,AEIE,AC,ICT004
Tuesday,Group 1,5,BREAK,NA,AEIE,NA,NA
Tuesday,Group 1,6,L,AEI2104,AEIE,SJB,ICT105
Tuesday,Group 1,7,P,AEI2154,AEIE,SJB+AMS/HP+SKB,ICT005
Tuesday,Group 1,8,P,AEI2154,AEIE,SJB+AMS/HP+SKB,ICT005
Tuesday,Group 2,1,L,AEI2102,AEIE,IN,ICT004
Tuesday,Group 2,2,L,AEI2103,AEIE,RSG,ICT004
Tuesday,Group 2,3,L,AEI2101,AEIE,PPS,ICT004
Tuesday,Group 2,4,L,PHY2101,AEIE,AC,ICT004
Tuesday,Group 2,5,BREAK,NA,AEIE,NA,NA
Tuesday,Group 2,6,NA,NA,AEIE,NA,NA
Tuesday,Group 2,7,P,AEI2150,AEIE,MC+DC/SJD+BM,ICT102
Tuesday,Group 2,8,P,AEI2150,AEIE,MC+DC/SJD+BM,ICT102
Wednesday,Group 1,1,L,AEI2102,AEIE,IN,ICT105
Wednesday,Group 1,2,L,AEI2101,AEIE,PPS,ICT105
Wednesday,Group 1,3,L,AEI2104,AEIE,SJB,ICT105
Wednesday,Group 1,4,L,PHY2101,AEIE,NPN,ICT105
Wednesday,Group 1,5,BREAK,NA,AEIE,NA,NA
Wednesday,Group 1,6,T,AEI2103,AEIE,RSG,ICT004
Wednesday,Group 1,7,P,AEI2150,AEIE,MC+DC/SJD+BM,ICT102
Wednesday,Group 1,8,P,AEI2150,AEIE,MC+DC/SJD+BM,ICT102
Wednesday,Group 2,1,L,AEI2102,AEIE,IN,ICT105
Wednesday,Group 2,2,L,AEI2101,AEIE,PPS,ICT105
Wednesday,Group 2,3,L,AEI2104,AEIE,SJB,ICT105
Wednesday,Group 2,4,L,PHY2101,AEIE,NPN,ICT105
Wednesday,Group 2,5,BREAK,NA,AEIE,NA,NA
Wednesday,Group 2,6,NA,NA,AEIE,NA,NA
Wednesday,Group 2,7,P,AEI2154,AEIE,SJB+SMC/HP+SKB,ICT005
Wednesday,Group 2,8,P,AEI2154,AEIE,SJB+SMC/HP+SKB,ICT005
Thursday,Group 1,1,P,AEI2153,AEIE,RSG+SMC/SKB+SJD,ICT009
Thursday,Group 1,2,P,AEI2153,AEIE,RSG+SMC/SKB+SJD,ICT009
Thursday,Group 1,3,P,AEI2153,AEIE,RSG+SMC/SKB+SJD,ICT009
Thursday,Group 1,4,L,AEI2102,AEIE,DMG,ICT105
Thursday,Group 1,5,BREAK,NA,AEIE,NA,NA
Thursday,Group 1,6,NA,Mentoring,AEIE,NA,NA
Thursday,Group 1,7,NA,Library,AEIE,NA,NA
Thursday,Group 1,8,NA,Library,AEIE,NA,NA
Thursday,Group 2,1,P,AEI2151,AEIE,PPS+SJB/SBJ+BM,ICT001
Thursday,Group 2,2,P,AEI2151,AEIE,PPS+SJB/SBJ+BM,ICT001
Thursday,Group 2,3,P,AEI2151,AEIE,PPS+SJB/SBJ+BM,ICT001
Thursday,Group 2,4,L,AEI2102,AEIE,DMG,ICT105
Thursday,Group 2,5,BREAK,NA,AEIE,NA,NA
Thursday,Group 2,6,P,AEI2152,AEIE,IN+DMG/SKB+HP,ICT001+ICT102
Thursday,Group 2,7,P,AEI2152,AEIE,IN+DMG/SKB+HP,ICT001+ICT102
Thursday,Group 2,8,P,AEI2152,AEIE,IN+DMG/SKB+HP,ICT001+ICT102
Friday,Group 1,1,L,AEI2104,AEIE,SJB,ICT004
Friday,Group 1,2,L,AEI2103,AEIE,RSG,ICT004
Friday,Group 1,3,L,AEI2103,AEIE,RSG,ICT004
Friday,Group 1,4,NA,Industry Interaction/ Remedial Class,AEIE,NA,ICT004
Friday,Group 1,5,BREAK,NA,AEIE,NA,NA
Friday,Group 1,6,L,PHY2101,AEIE,NPN,ICT004
Friday,Group 1,7,L,AEI2101,AEIE,PPS,ICT004
Friday,Group 1,8,NA,Remedial Class,AEIE,NA,ICT004
Friday,Group 2,1,L,AEI2104,AEIE,SJB,ICT004
Friday,Group 2,2,L,AEI2103,AEIE,RSG,ICT004
Friday,Group 2,3,L,AEI2103,AEIE,RSG,ICT004
Friday,Group 2,4,NA,Industry Interaction/ Remedial Class,AEIE,NA,ICT004
Friday,Group 2,5,BREAK,NA,AEIE,NA,NA
Friday,Group 2,6,L,PHY2101,AEIE,NPN,ICT004
Friday,Group 2,7,L,AEI2101,AEIE,PPS,ICT004
Friday,Group 2,8,NA,Remedial Class,AEIE,NA,ICT004
Monday,Group 1,1,LAB,CSE 2055,BT,SSN (DM),ICT B03
Monday,Group 1,2,LAB,CSE 2055,BT,SSN (DM),ICT B03
Monday,Group 2,1,LAB,BTC 2154,BT,"KM, RC (CD)",CB306
Monday,Group 2,2,LAB,BTC 2154,BT,"KM, RC (CD)",CB306
Monday,NA,3,LIBRARY,LIBRARY,BT,NA,NA
Monday,NA,4,L,BTC2101,BT,SB,CB402
Monday,NA,5,BREAK,NA,BT,NA,NA
Monday,NA,6,L,BTC2103,BT,PC,CB401
Monday,NA,7,R,BTC2104,BT,RC,CB218
Monday,NA,8,R,BTC2102,BT,BC,CB402
Monday,NA,9,LIBRARY,LIBRARY,BT,NA,NA
Tuesday,Group 1,1,LAB,BTC2151,BT,SHD(MS),CB415
Tuesday,Group 1,2,LAB,BTC2151,BT,SHD(MS),CB415
Tuesday,Group 2,1,LAB,BTC2153,BT,"RG,PC(AM)",CB413
Tuesday,Group 2,2,LAB,BTC2153,BT,"RG,PC(AM)",CB413
Tuesday,NA,3,L,Industry Interaction/ Remedial Class,BT,NA,CB218
Tuesday,NA,4,BREAK,NA,BT,NA,NA
Tuesday,NA,5,L,BTC2102,BT,SDE,CB402
Tuesday,NA,6,L,BTC2103,BT,KM,CB402
Tuesday,NA,7,L,EVS2016,BT,AM,CB402
Tuesday,NA,8,L,CSE2005,BT,SSN,CB401
Tuesday,NA,9,LIBRARY,LIBRARY,BT,NA,NA
Wednesday,NA,1,L,BTC2104,BT,SHD,CB402
Wednesday,NA,2,L,BTC2101,BT,NKJ,CB402
Wednesday,NA,3,BREAK,NA,BT,NA,NA
Wednesday,NA,4,L,BTC2104,BT,RC,CB402
Wednesday,NA,5,L,BTC2101,BT,SB,CB402
Wednesday,Group 1,6,LAB,BTC2154,BT,"KM, RC (SS)",CB306
Wednesday,Group 1,7,LAB,BTC2154,BT,"KM, RC (SS)",CB306
Wednesday,Group 1,8,LAB,BTC2154,BT,"KM, RC (SS)",CB306
Wednesday,Group 2,6,LAB,CSE 2055,BT,AC(MB),ICTB02
Wednesday,Group 2,7,LAB,CSE 2055,BT,AC(MB),ICTB02
Wednesday,Group 2,8,LIBRARY,LIBRARY,BT,NA,NA
Wednesday,NA,9,LIBRARY,LIBRARY,BT,NA,NA
Thursday,Group 1,1,LAB,BTC2153,BT,"RG,PC(AM)",CB413
Thursday,Group 1,2,LAB,BTC2153,BT,"RG,PC(AM)",CB413
Thursday,Group 2,1,LAB,BTC2151,BT,SHD(MS),CB415
Thursday,Group 2,2,LAB,BTC2151,BT,SHD(MS),CB415
Thursday,NA,3,L,BTC2102,BT,BC,CB402
Thursday,NA,4,L,CSE2005,BT,SSN,CB402
Thursday,NA,5,BREAK,NA,BT,NA,NA
Thursday,NA,6,L,BTC2102,BT,SDE,CB402
Thursday,NA,7,L,EVS2016,BT,AA,CB402
Thursday,NA,8,MENTORING,MENTORING,BT,NA,CB402
Thursday,NA,9,LIBRARY,LIBRARY,BT,NA,NA
Friday,NA,1,L,BTC2104,BT,RC,CB401
Friday,NA,2,L,BTC2103,BT,KM,CB401
Friday,NA,3,L,BTC2103,BT,PC,CB401
Friday,NA,4,L,CSE2005,BT,SSN,CB402
Friday,NA,5,BREAK,NA,BT,NA,NA
Friday,NA,6,R,BTC2101,BT,NKJ,CB402
Friday,Group 1,7,LAB,BTC2155,BT,PC(MS),CB413
Friday,Group 1,8,LAB,BTC2155,BT,PC(MS),CB413
Friday,Group 2,7,LAB,BTC2155,BT,SHD(SM),CB415
Friday,Group 2,8,LAB,BTC2155,BT,SHD(SM),CB415
Friday,NA,9,LIBRARY,LIBRARY,BT,NA,NA
Monday,Group 1,1,P,CIV2158,CHE,SNM (DR),CME 310
Monday,Group 1,2,P,CIV2158,CHE,SNM (DR),CME 310
Monday,Group 1,3,P,CIV2157,CHE,TD (UK),CME 609
Monday,Group 1,4,P,CIV2157,CHE,TD (UK),CME 609
Monday,Group 1,5,BREAK,NA,CHE,NA,NA
Monday,Group 1,6,P,CIV2156,CHE,"PBC(DR,SDG)",CME 207
Monday,Group 1,7,P,CIV2156,CHE,"PBC(DR,SDG)",CME 207
Monday,Group 1,8,P,CIV2156,CHE,"PBC(DR,SDG)",CME 207
Monday,Group 2,1,P,CIV2152,CHE,"PS,RL (BP)",CME 012
Monday,Group 2,2,P,CIV2152,CHE,"PS,RL (BP)",CME 012
Monday,Group 2,3,T,CIV2101,CHE,SK,CME 307
Monday,Group 2,4,T,CIV2103,CHE,RR,CME 201
Monday,Group 2,5,BREAK,NA,CHE,NA,NA
Monday,Group 2,6,P,CIV2151,CHE,"SK (UK, BP)",CME B02
Monday,Group 2,7,P,CIV2151,CHE,"SK (UK, BP)",CME B02
Monday,Group 2,8,P,CIV2151,CHE,"SK (UK, BP)",CME B02
Tuesday,Group 1,1,P,CIV2152,CHE,"PS,RL (TH)",CME 012
Tuesday,Group 1,2,P,CIV2152,CHE,"PS,RL (TH)",CME 012
Tuesday,Group 1,3,NA,NA,CHE,NA,CB 202
Tuesday,Group 1,4,BREAK,NA,CHE,NA,NA
Tuesday,Group 1,5,L,CIV2101,CHE,SK,CME 317
Tuesday,Group 1,6,L,CIV2102,CHE,SNM,CME 317
Tuesday,Group 1,7,L,CIV2102,CHE,RL,CME 317
Tuesday,Group 1,8,NA,NA,CHE,NA,NA
Tuesday,Group 2,1,P,CIV2158,CHE,SNM (DR),CME 310
Tuesday,Group 2,2,P,CIV2158,CHE,SNM (DR),CME 310
Tuesday,Group 2,3,NA,NA,CHE,NA,CB 202
Tuesday,Group 2,4,BREAK,NA,CHE,NA,NA
Tuesday,Group 2,5,L,CIV2101,CHE,SK,CME 317
Tuesday,Group 2,6,L,CIV2102,CHE,SNM,CME 317
Tuesday,Group 2,7,L,CIV2102,CHE,RL,CME 317
Tuesday,Group 2,8,NA,NA,CHE,NA,NA
Wednesday,Group 1,1,P,CIV2151,CHE,"TD (UK, BP)",CME B02
Wednesday,Group 1,2,P,CIV2151,CHE,"TD (UK, BP)",CME B02
Wednesday,Group 1,3,L,CIV2103,CHE,RR,CME 317
Wednesday,Group 1,4,L,CIV2103,CHE,RR,CME 317
Wednesday,Group 1,5,BREAK,NA,CHE,NA,NA
Wednesday,Group 1,6,L,CIV2104,CHE,TD,CME 317
Wednesday,Group 1,7,NA,NA,CHE,NA,NA
Wednesday,Group 1,8,NA,NA,CHE,NA,CME 317
Wednesday,Group 2,1,P,CIV2156,CHE,"RR (DR,SDG)",CME 207
Wednesday,Group 2,2,P,CIV2156,CHE,"RR (DR,SDG)",CME 207
Wednesday,Group 2,3,L,CIV2103,CHE,RR,CME 317
Wednesday,Group 2,4,L,CIV2103,CHE,RR,CME 317
Wednesday,Group 2,5,BREAK,NA,CHE,NA,NA
Wednesday,Group 2,6,L,CIV2104,CHE,TD,CME 317
Wednesday,Group 2,7,NA,NA,CHE,NA,NA
Wednesday,Group 2,8,NA,NA,CHE,NA,CME 317
Thursday,Group 1,1,L,CIV2101,CHE,SK,CME 317
Thursday,Group 1,2,L,CIV2104,CHE,RR,CME 317
Thursday,Group 1,3,L,CIV2105,CHE,SNM,CME 310
Thursday,Group 1,4,L,CIV2101,CHE,PS,CME 317
Thursday,Group 1,5,BREAK,NA,CHE,NA,NA
Thursday,Group 1,6,L,EVS2016,CHE,PP,CME 318
Thursday,Group 1,7,L,CIV2103,CHE,RR,CME 317
Thursday,Group 1,8,L,CIV2103,CHE,RR,CME 317
Thursday,Group 2,1,L,CIV2101,CHE,SK,CME 317
Thursday,Group 2,2,L,CIV2104,CHE,RR,CME 317
Thursday,Group 2,3,L,CIV2105,CHE,SNM,CME 310
Thursday,Group 2,4,L,CIV2101,CHE,PS,CME 317
Thursday,Group 2,5,BREAK,NA,CHE,NA,NA
Thursday,Group 2,6,L,EVS2016,CHE,PP,CME 318
Thursday,Group 2,7,L,CIV2103,CHE,RR,CME 317
Thursday,Group 2,8,L,CIV2103,CHE,RR,CME 317
Friday,Group 1,1,L,CIV2103,CHE,RR,CME 317
Friday,Group 1,2,L,CIV2101,CHE,PS,CME 317
Friday,Group 1,3,L,CIV2102,CHE,RL,CME 317
Friday,Group 1,4,BREAK,NA,CHE,NA,NA
Friday,Group 1,5,L,CIV2104,CHE,TD,CME 317
Friday,Group 1,6,L,EVS2016,CHE,SG,CB 613
Friday,Group 1,7,T,CIV2103,CHE,RR,CME 201
Friday,Group 1,8,T,CIV2103,CHE,RR,CME 201
Friday,Group 2,1,L,CIV2103,CHE,RR,CME 317
Friday,Group 2,2,L,CIV2101,CHE,PS,CME 317
Friday,Group 2,3,L,CIV2102,CHE,RL,CME 317
Friday,Group 2,4,BREAK,NA,CHE,NA,NA
Friday,Group 2,5,L,CIV2104,CHE,TD,CME 317
Friday,Group 2,6,L,EVS2016,CHE,SG,CB 613
Friday,Group 2,7,P,CIV2157,CHE,PBC (BP),CME 609
Friday,Group 2,8,P,CIV2157,CHE,PBC (BP),CME 609
Monday,NA,1,L,ECE2002,CSBS,OB,CME505
Monday,NA,2,L,MTH2103,CSBS,SK,CME505
Monday,NA,3,L,CBS2101,CSBS,SBP,CME505
Monday,NA,4,BREAK,NA,CSBS,NA,NA
Monday,Group 1,5,P,CBS2153,CSBS,"DC, MB",CME607
Monday,Group 2,5,P,CBS2151,CSBS,"SBP, SDB",CME605
Monday,Group 1,6,P,CBS2153,CSBS,"DC, MB",CME607
Monday,Group 2,6,P,CBS2151,CSBS,"SBP, SDB",CME605
Monday,NA,7,NA,Library,CSBS,NA,NA
Monday,NA,8,NA,Remedial,CSBS,NA,CME504
Tuesday,NA,1,L,MTH2103,CSBS,SDS,CME504
Tuesday,NA,2,L,ECE2002,CSBS,OB,CME504
Tuesday,NA,3,L,CBS2102,CSBS,JDH,CME504
Tuesday,NA,4,L,CBS2102,CSBS,JDH,CME504
Tuesday,NA,5,BREAK,NA,CSBS,NA,NA
Tuesday,NA,6,L,CBS2103,CSBS,TBA,CME505
Tuesday,NA,7,L,CBS2103,CSBS,TBA,CME505
Wednesday,Group 1,1,P,ECE2052,CSBS,"SSB, DP, AD",ICT403
Wednesday,Group 2,1,P,CBS2155,CSBS,"SNR, SBP, MB, SDB",CME605
Wednesday,Group 1,2,P,ECE2052,CSBS,"SSB, DP, AD",ICT403
Wednesday,Group 2,2,P,CBS2155,CSBS,"SNR, SBP, MB, SDB",CME605
Wednesday,NA,3,L,CBS2101,CSBS,SBP,CME505
Wednesday,NA,4,NA,Industry Interaction/Remedial,CSBS,NA,CME505
Wednesday,NA,5,BREAK,NA,CSBS,NA,NA
Wednesday,NA,6,L,MTH2103,CSBS,SK,CME504
Wednesday,NA,7,P,ECE2052,CSBS,"TC, PM, MOU",ICT403
Wednesday,NA,8,P,ECE2052,CSBS,"TC, PM, MOU",ICT403
Thursday,NA,1,L,CBS2101,CSBS,SBP,CME504
Thursday,NA,2,L,CBS2101,CSBS,SBP,CME504
Thursday,NA,3,L,MTH2103,CSBS,SDS,CME504
Thursday,NA,4,BREAK,NA,CSBS,NA,NA
Thursday,NA,5,L,CBS2102,CSBS,JDH,CME504
Thursday,NA,6,L,EVS2016,CSBS,JS,CME508
Thursday,NA,7,NA,Mentoring,CSBS,NA,CME505
Friday,Group 1,1,P,CBS2155,CSBS,"SNR, BPS, SDB",CME605
Friday,Group 2,1,P,CBS2153,CSBS,"DC, MB",CME607
Friday,Group 1,2,P,CBS2155,CSBS,"SNR, BPS, SDB",CME605
Friday,Group 2,2,P,CBS2153,CSBS,"DC, MB",CME607
Friday,NA,3,L,ECE2002,CSBS,OB,CME505
Friday,NA,4,BREAK,NA,CSBS,NA,NA
Friday,NA,5,L,EVS2016,CSBS,ED,CME508
Friday,Group 1,6,P,CBS2151,CSBS,"SBP, SDB",CME608
Friday,Group 2,6,NA,Library,CSBS,NA,NA
Friday,Group 1,7,P,CBS2151,CSBS,"SBP, SDB",CME608
Friday,Group 2,7,NA,Library,CSBS,NA,NA